Doc-IDs,Reference-Code,Paper-Type
10.1002/2013JC008797,T,P
10.1002/2013JC009231,T,P
10.1002/2013JD020345,T,P
10.1002/2013JD020610,T,P
10.1002/2013JD020644,T,P
10.1002/2013JD021225,T,P
10.1002/2013JD021354,T,P
10.1002/2014GL060930,T,P
10.1002/2014GL062089,T,P
10.1002/2014JC009956,T,P
10.1002/2014JD022117,T,P
10.1002/2014JD022134,T,P
10.1002/2015GL063737,T,P
10.1002/2015JD023358,T,P
10.1002/2015JD023949,T,P
10.1002/2015JD024556,T,P
10.1002/2015JD024642,T,P
10.1002/asl.164,T,P
10.1002/asl2.427,T,P
10.1002/asl2.562,T,P
10.1002/grl.50065,T,P
10.1002/hyp.9361,T,P
10.1002/jgrd.50142,T,P
10.1002/jgrd.50180,T,P
10.1002/jgrd.50606,T,P
10.1002/jgrd.50830,T,P
10.1002/joc.3460,T,P
10.1002/joc.3495,T,P
10.1002/joc.4089,T,P
10.1002/joc.4609,T,P
10.1002/met.1284,T,P
10.1002/met.266,T,P
10.1002/qj.194,T,P
10.1002/qj.601,T,P
10.1002/we.1526,T,P
10.1007/978-3-319-13425-3_8,T,P
10.1007/978-3-540-70942-8_58,T,P
10.1007/978-3-540-88351-7_23,T,P
10.1007/BF02915680,T,P
10.1007/s00024-011-0348-5,T,P
10.1007/s00024-011-0358-3,T,P
10.1007/s00024-013-0697-3,T,P
10.1007/s00024-015-1210-y,T,P
10.1007/s00190-012-0596-x,T,P
10.1007/s00343-012-1272-y,T,P
10.1007/s00376-010-0027-y,T,P
10.1007/s00376-010-0060-x,T,P
10.1007/s00376-010-9129-9,T,P
10.1007/s00376-012-2030-y,T,P
10.1007/s00376-014-3162-z,T,P
10.1007/s00376-014-3228-y,T,P
10.1007/s00376-014-4115-2,T,P
10.1007/s00376-015-5022-x,T,P
10.1007/s00376-016-5061-y,T,P
10.1007/s00382-012-1519-5,T,P
10.1007/s00382-013-1800-2,T,P
10.1007/s00382-013-1859-9,T,P
10.1007/s00382-013-1971-x,T,P
10.1007/s00382-014-2455-3,T,P
10.1007/s00703-006-0229-0,T,P
10.1007/s00703-010-0073-0,T,P
10.1007/s00703-012-0216-6,T,P
10.1007/s00703-015-0415-z,T,P
10.1007/s00703-015-0425-x,T,P
10.1007/s00703-016-0434-4,T,P
10.1007/s00704-013-0956-3,T,P
10.1007/s00704-013-0956-3,T,P
10.1007/s00704-013-0982-1,T,P
10.1007/s00704-014-1344-3,T,P
10.1007/s10236-012-0537-5,T,P
10.1007/s10236-014-0806-6,T,P
10.1007/s10546-009-9462-7,T,P
10.1007/s10546-010-9502-3,T,P
10.1007/s10546-011-9664-7,T,P
10.1007/s10546-012-9727-4,T,P
10.1007/s10546-015-0095-8,T,P
10.1007/s10546-016-0160-y,T,P
10.1007/s10584-013-0885-2,T,P
10.1007/s10666-011-9265-3,T,P
10.1007/s10666-012-9314-6,T,P
10.1007/s10874-016-9331-y,T,P
10.1007/s11069-006-9052-7,T,P
10.1007/s11069-012-0282-6,T,P
10.1007/s11069-013-0852-2,T,P
10.1007/s11069-014-1125-4,T,P
10.1007/s11356-015-5495-2,T,P
10.1007/s11430-013-4801-4,T,P
10.1007/s11430-014-4873-9,T,P
10.1007/s11430-015-5224-1,T,P
10.1007/s11434-011-4518-8,T,P
10.1007/s11629-015-3743-z,T,P
10.1007/s11769-012-0535-z,T,P
10.1007/s11802-015-2466-7,T,P
10.1007/s11869-013-0211-1,T,P
10.1007/s12237-013-9669-1,T,P
10.1007/s12524-014-0386-4,T,P
10.1007/s13143-011-0019-6,T,P
10.1007/s13143-015-0086-1,T,P
10.1016/j.aeolia.2015.07.009,T,P
10.1016/j.atmosenv.2008.10.044,T,P
10.1016/j.atmosenv.2009.04.005,T,P
10.1016/j.atmosenv.2009.10.027,T,P
10.1016/j.atmosenv.2010.05.028,T,P
10.1016/j.atmosenv.2010.09.031,T,P
10.1016/j.atmosenv.2010.12.050,T,P
10.1016/j.atmosenv.2011.02.018,T,P
10.1016/j.atmosenv.2011.06.037,T,P
10.1016/j.atmosenv.2011.10.020,T,P
10.1016/j.atmosenv.2012.03.048,T,P
10.1016/j.atmosenv.2012.06.075,T,P
10.1016/j.atmosenv.2012.08.014,T,P
10.1016/j.atmosenv.2012.12.036,T,P
10.1016/j.atmosenv.2013.03.048,T,P
10.1016/j.atmosenv.2013.06.024,T,P
10.1016/j.atmosenv.2013.11.020,T,P
10.1016/j.atmosenv.2013.12.007,T,P
10.1016/j.atmosenv.2014.04.022,T,P
10.1016/j.atmosenv.2014.06.015,T,P
10.1016/j.atmosenv.2014.08.020,T,P
10.1016/j.atmosenv.2014.09.053,T,P
10.1016/j.atmosenv.2014.10.027,T,P
10.1016/j.atmosenv.2015.03.014,T,P
10.1016/j.atmosenv.2015.03.052,T,P
10.1016/j.atmosenv.2015.06.042,T,P
10.1016/j.atmosenv.2015.06.057,T,P
10.1016/j.atmosenv.2015.09.042,T,P
10.1016/j.atmosenv.2015.10.020,T,P
10.1016/j.atmosres.2006.01.005,T,P
10.1016/j.atmosres.2007.02.007,T,P
10.1016/j.atmosres.2008.03.014,T,P
10.1016/j.atmosres.2010.08.021,T,P
10.1016/j.atmosres.2011.06.016,T,P
10.1016/j.atmosres.2012.04.001,T,P
10.1016/j.atmosres.2012.08.021,T,P
10.1016/j.atmosres.2012.09.002,T,P
10.1016/j.atmosres.2013.04.010,T,P
10.1016/j.atmosres.2014.03.020,T,P
10.1016/j.atmosres.2014.10.022,T,P
10.1016/j.atmosres.2015.03.010,T,P
10.1016/j.atmosres.2015.04.014,T,P
10.1016/j.atmosres.2015.11.006,T,P
10.1016/j.cageo.2013.06.016,T,P
10.1016/j.dynatmoce.2012.09.002,T,P
10.1016/j.envpol.2013.07.020,T,P
10.1016/j.envpol.2013.09.029,T,P
10.1016/j.envpol.2014.06.006,T,P
10.1016/j.jag.2012.09.005,T,P
10.1016/j.jastp.2010.11.003,T,P
10.1016/j.jastp.2015.04.010,T,P
10.1016/j.jqsrt.2013.06.006,T,P
10.1016/j.jvolgeores.2013.11.016,T,P
10.1016/j.jweia.2015.04.011,T,P
10.1016/j.oceaneng.2015.03.009,T,P
10.1016/j.oceaneng.2015.10.055,T,P
10.1016/j.ocemod.2010.07.010,T,P
10.1016/j.partic.2014.09.001,T,P
10.1016/j.pce.2013.05.005,T,P
10.1016/j.pce.2015.01.002,T,P
10.1016/j.polar.2010.11.002,T,P
10.1016/j.rse.2006.02.007,T,P
10.1016/j.rse.2011.04.017,T,P
10.1016/j.scitotenv.2013.11.121,T,P
10.1016/j.scitotenv.2014.03.107,T,P
10.1016/j.scitotenv.2014.04.064,T,P
10.1021/es300391w,T,P
10.1021/es505669j,T,P
10.1029/2002GB002020,T,P
10.1029/2003JD004007,T,P
10.1029/2006GL028386,T,P
10.1029/2006JD007687,T,P
10.1029/2006JD008170,T,P
10.1029/2008GL035630,T,P
10.1029/2008JD009808,T,P
10.1029/2008JD010916,T,P
10.1029/2009JD012038,T,P
10.1029/2009JD012257,T,P
10.1029/2009JD012467,T,P
10.1029/2009JD012518,T,P
10.1029/2009JD013253,T,P
10.1029/2010GL043995,T,P
10.1029/2010GL046214,T,P
10.1029/2010JD014443,T,P
10.1029/2010JD015030,T,P
10.1029/2010JD015484,T,P
10.1029/2011GL048249,T,P
10.1029/2011JD016105,T,P
10.1029/2011JD016240,T,P
10.1029/2011JD016416,T,P
10.1029/2011JD016473,T,P
10.1029/2011JD016765,T,P
10.1029/2011JD016817,T,P
10.1029/2011JD016856,T,P
10.1029/2011JD017317,T,P
10.1029/2012JD017598,T,P
10.1038/srep10167,T,P
10.1061/(ASCE)HE.1943-5584.0000414,T,P
10.1073/pnas.1322280111,T,P
10.1080/01431161.2013.873146,T,P
10.1080/10962247.2012.699014,T,P
10.1080/10962247.2013.827603,T,P
10.1080/13658816.2011.572075,T,P
10.1080/16742834.2011.11446913,T,P
10.1080/16742834.2012.11446962,T,P
10.1080/16742834.2012.11447017,T,P
10.1080/17538940802657702,T,P
10.1088/1674-1056/20/12/129201,T,P
10.1088/1742-6596/524/1/012115,T,P
10.1088/1742-6596/524/1/012120,T,P
10.1088/1748-9326/10/10/105001,T,P
10.1088/1748-9326/8/3/034022,T,P
10.1093/jee/tov230,T,P
10.1109/IGARSS.2012.6351892,T,P
10.1109/JPROC.2011.2159089,T,P
10.1109/TGRS.2011.2112667,T,P
10.1109/TGRS.2012.2190517,T,P
10.1111/j.1600-0870.2011.00511.x,T,P
10.1111/j.1600-0870.2011.00536.x,T,P
10.11137/2014_1_27_35 ,T,P
10.1115/ES2010-90378,T,P
10.1115/FEDSM2014-21292,T,P
10.1117/1.JRS.8.083624,T,P
10.1117/12.2067249,T,P
10.11203/jar.28.5,T,P
10.11298/taiki.44.175,T,P
10.11298/taiki.46.A1,T,P
10.11298/taiki.47.195,T,P
10.11298/taiki.47.205,T,P
10.11298/taiki1995.43.209,T,P
10.11298/taiki1995.43.245,T,P
10.1134/S0001433815050072,T,P
10.1134/S0742046315010054,T,P
10.1155/2012/505726,T,P
10.1155/2013/817870,T,P
10.1155/2014/693205,T,P
10.1175/2008MWR2444.1,T,P
10.1175/2008MWR2445.1,T,P
10.1175/2008MWR2617.1,T,P
10.1175/2009JAMC1926.1,T,P
10.1175/2009JAMC2108.1,T,P
10.1175/2009MWR2488.1,T,P
10.1175/2010JAMC2553.1,T,P
10.1175/2010JAS3559.1,T,P
10.1175/2010JCLI3666.1,T,P
10.1175/2010JCLI3935.1,T,P
10.1175/2010MWR3079.1,T,P
10.1175/2010MWR3122.1,T,P
10.1175/2010WAF2222407.1,T,P
10.1175/JAMC-D-12-013.1,T,P
10.1175/JAMC-D-13-0163.1,T,P
10.1175/JAMC-D-13-0247.1,T,P
10.1175/JAMC-D-14-0243.1,T,P
10.1175/JAMC-D-14-0313.1,T,P
10.1175/JAMC-D-15-0067.1,T,P
10.1175/JAMC-D-15-0083.1,T,P
10.1175/JAMC-D-15-0275.1,T,P
10.1175/JAS-D-11-0251.1,T,P
10.1175/JAS-D-12-0117.1,T,P
10.1175/JAS-D-13-0252.1,T,P
10.1175/JAS-D-14-0051.1,T,P
10.1175/JAS-D-14-0053.1,T,P
10.1175/JCLI-D-11-00391.1,T,P
10.1175/JCLI-D-12-00252.1,T,P
10.1175/JCLI-D-13-00117.1,T,P
10.1175/JCLI-D-14-00241.1,T,P
10.1175/JCLI-D-14-00277.1,T,P
10.1175/JHM-D-12-0155.1,T,P
10.1175/JHM-D-13-0131.1,T,P
10.1175/JHM-D-15-0112.1,T,P
10.1175/JPO-D-15-0086.1,T,P
10.1175/JTECH-D-12-00238.1,T,P
10.1175/JTECH-D-13-00137.1,T,P
10.1175/MWR3011.1,T,P
10.1175/MWR-D-11-00345.1,T,P
10.1175/MWR-D-12-00208.1,T,P
10.1175/MWR-D-12-00352.1,T,P
10.1175/MWR-D-13-00119.1,T,P
10.1175/MWR-D-13-00232.1,T,P
10.1175/MWR-D-14-00221.1,T,P
10.1175/MWR-D-15-0067.1,T,P
10.1175/MWR-D-15-0370.1,T,P
10.1175/WAF-D-10-05058.1,T,P
10.1175/WAF-D-11-00152.1,T,P
10.1175/WAF-D-13-00143.1,T,P
10.1177/1420326X13503576 ,T,P
10.14191/Atmos.2015.25.1.117,T,P
10.1590/S0102-77862012000100008 ,T,P
10.1590/S0102-77862013000100010,T,P
10.17485/ijst/2011/v4i8/30885,T,P
10.2151/jmsj.2011-202,T,P
10.2151/jmsj.2012-C03,T,P
10.2151/sola.2011-006,T,P
10.2151/sola.2011-028,T,P
10.2208/kaigan.67.I_426,T,P
10.2208/kaigan.69.I_516,T,P
10.2208/proce1989.52.181,T,P
10.3103/S1068373914110028,T,P
10.3103/S1068373914120024,T,P
10.3189/2015JoG15J056,T,P
10.3390/ijerph8062447,T,P
10.3390/rs4113501,T,P
10.3390/rs8030262,T,P
10.3402/tellusa.v64i0.17156,T,P
10.3402/tellusa.v66.21486,T,P
10.3402/tellusa.v67.26045,T,P
10.3878/j.issn.1006-9895.1406.13281,T,P
10.3878/j.issn.1006-9895.2012.11096,T,P
10.3969/j.issn.1001-7216.2014.05.012,T,P
10.3969/j.issn.1004-4965.2009.Z1.001,T,P
10.3969/j.issn.1004-4965.2012.06.005,T,P
10.4209/aaqr.2013.03.0093,T,P
10.4209/aaqr.2014.12.0332,T,P
10.4209/aaqr.2015.05.0369,T,P
10.5094/APR.2013.007,T,P
10.5194/acp-10-3723-2010,T,P
10.5194/acp-10-4013-2010,T,P
10.5194/acp-10-9-2010,T,P
10.5194/acp-11-11521-2011,T,P
10.5194/acp-11-1621-2011,T,P
10.5194/acp-12-10971-2012,T,P
10.5194/acp-12-11833-2012,T,P
10.5194/acp-12-3837-2012,T,P
10.5194/acp-12-5827-2012,T,P
10.5194/acp-12-6041-2012,T,P
10.5194/acp-12-7399-2012,T,P
10.5194/acp-13-10425-2013,T,P
10.5194/acp-13-10545-2013,T,P
10.5194/acp-13-3881-2013,T,P
10.5194/acp-13-6741-2013,T,P
10.5194/acp-14-12683-2014,T,P
10.5194/acp-14-3623-2014,T,P
10.5194/acp-14-4779-2014,T,P
10.5194/acp-14-485-2014,T,P
10.5194/acp-14-7807-2014,T,P
10.5194/acp-14-8961-2014,T,P
10.5194/acp-14-9623-2014,T,P
10.5194/acp-15-13833-2015,T,P
10.5194/acp-15-2843-2015,T,P
10.5194/acp-15-363-2015,T,P
10.5194/acp-15-757-2015,T,P
10.5194/acp-16-1823-2016,T,P
10.5194/acp-16-3013-2016,T,P
10.5194/acp-16-3577-2016,T,P
10.5194/acp-16-5139-2016,T,P
10.5194/acp-16-777-2016,T,P
10.5194/acp-9-3755-2009,T,P
10.5194/acp-9-7343-2009,T,P
10.5194/acp-9-8813-2009,T,P
10.5194/amt-2016-104,T,P
10.5194/bg-11-735-2014,T,P
10.5194/bg-8-3771-2011,T,P
10.5194/esd-6-109-2015,T,P
10.5194/gmd-5-1363-2012,T,P
10.5194/gmd-6-1079-2013,T,P
10.5194/gmd-6-81-2013,T,P
10.5194/gmd-8-235-2015,T,P
10.5194/hess-20-209-2016,T,P
10.5194/nhess-10-773-2010,T,P
10.5194/nhess-13-1745-2013,T,P
10.5402/2012/826074,T,P
10.5894/rgci490,T,P
10.7522/j.issn.1000-0534.2013.00073,T,P
10.7763/IJESD.2011.V2.159,T,P
http://conf.atsukr.org.ua/files/conf_dir_22/dir_787/didkovskaya_sppr2012.doc,T,G
http://hrcak.srce.hr/file/96236,T,G
http://hrcak.srce.hr/file/96387,T,G
http://222.195.136.24/homepage/papers/ducts_electronica.pdf,T,G
http://222.195.136.24/homepage/papers/fall_rain.pdf,T,G
http://222.195.136.24/homepage/papers/seafog_duct.pdf,T,G
http://222.195.136.24/lecture/seafog_papers/chinese/2004_fug.PDF,T,G
http://89.31.100.18/~iahrpapers/87514.pdf,T,G
http://acrs2015.ccgeo.info/proceedings/THP3-3.pdf,T,G
http://arxiv.org/abs/1506.01481,T,G
http://aulavirtual.ig.conae.gov.ar/moodle/pluginfile.php/513/mod_page/content/47/Garcia%20Ferreyra%20final%20report.pdf,T,G
http://bib.irb.hr/prikazi-rad?rad=221877,T,G
http://bibdigital.epn.edu.ec/handle/15000/6467,T,G
http://bibdigital.epn.edu.ec/handle/15000/8069,T,G
http://citeseerx.ist.psu.edu/viewdoc/download?doi=10.1.1.502.65&rep=rep1&type=pdf,T,G
http://citeseerx.ist.psu.edu/viewdoc/download?doi=10.1.1.539.4953&rep=rep1&type=pdf,T,G
http://citeseerx.ist.psu.edu/viewdoc/download?doi=10.1.1.582.659&rep=rep1&type=pdf,T,G
http://citeseerx.ist.psu.edu/viewdoc/download?doi=10.1.1.686.8598&rep=rep1&type=pdf,T,G
http://content.lib.utah.edu/utils/getfile/collection/etd3/id/3138/filename/3141.pdf,T,G
http://digitalcommons.wku.edu/stu_hon_theses/235,T,G
http://etd.lib.metu.edu.tr/upload/12617818/index.pdf,T,G
http://etd.lsu.edu/docs/available/etd-04212011-165830/,T,G
http://gissky.net/paper/UploadFiles_4495/201207/2012071712280495.pdf,T,G
http://hdl.handle.net/10046/758,T,G
http://hdl.handle.net/10092/3920,T,G
http://hdl.handle.net/10092/8707,T,G
http://hdl.handle.net/10125/100367,T,G
http://hdl.handle.net/10125/7025,T,G
http://hdl.handle.net/10174/18259,T,G
http://hdl.handle.net/10183/87272,T,G
http://hdl.handle.net/10347/9808,T,G
http://hdl.handle.net/10397/4103,T,G
http://hdl.handle.net/11627/47,T,G
http://hdl.handle.net/123456789/2193,T,G
http://hdl.handle.net/1853/52338,T,G
http://hdl.handle.net/2115/59692,T,G
http://hdl.handle.net/2142/49556,T,G
http://hdl.handle.net/2261/54146,T,G
http://hdl.handle.net/2346/8926,T,G
http://ir.rcees.ac.cn/handle/311016/8818,T,G
http://ir.uiowa.edu/etd/1744/,T,G
http://ir.uiowa.edu/etd/1814/,T,G
http://josemanuelgalvez.net/documents/2006_Brazil_FNL.pdf,T,G
http://kups.ub.uni-koeln.de/id/eprint/4707,T,G
http://maretec.mohid.com/PublicData/products/ConferencePapers/Hidrodin%C3%A2micaMadeira.pdf,T,G
http://mtc-m16d.sid.inpe.br/col/sid.inpe.br/mtc-m19/2010/10.04.13.35/doc/publicacao.pdf,T,G
http://oa.upm.es/40/,T,G
http://pubman.mpdl.mpg.de/pubman/item/escidoc:1539454/component/escidoc:1539455/WEB_BzE_116.pdf,T,G
http://qk.cams.cma.gov.cn/jams/ch/reader/create_pdf.aspx?file_no=20090304,T,G
http://qk.cams.cma.gov.cn/jams/ch/reader/create_pdf.aspx?file_no=20120109,T,G
http://repository.fareastgeology.ru:80/handle/123/105334,T,G
http://revista.fct.unesp.br/index.php/geografiaematos/article/view/2848,T,G
http://submission.scielo.br/index.php/rbmet/article/view/18628,T,G
http://trace.tennessee.edu/utk_graddiss/817,T,G
http://vjol.info.vn/index.php/JSTD/article/viewArticle/3457,T,G
http://www.actasc.cn/hjkxxb/ch/reader/create_pdf.aspx?file_no=20120104006&year_id=2012&quarter_id=11&falg=1,T,G
http://www.aos.wisc.edu/uwaosjournal/Volume12/Wu_PhD_Thesis.pdf,T,G
http://www.astroscu.unam.mx/rmaa/RMxAC..41/PDF/RMxAC..41_msarazin.pdf,T,G
http://www.astroscu.unam.mx/rmaa/RMxAC..41/PDF/RMxAC..41_ocuevas.pdf,T,G
http://www.bdigital.unal.edu.co/3146/,T,G
http://www.bdigital.unal.edu.co/42962/,T,G
http://www.cmsjournal.net/qxxb_cn/ch/reader/create_pdf.aspx?file_no=060404,T,G
http://www.cmsjournal.net/qxxb_cn/ch/reader/create_pdf.aspx?file_no=20100401,T,G
http://www.harmo.org/Conferences/Proceedings/_Madrid/publishedSections/H15-157.pdf,T,G
http://www.harmo.org/Conferences/Proceedings/_Paris/publishedSections/H13-229-abst.pdf,T,G
http://www.harmo.org/conferences/Proceedings/_Varna/publishedSections/H16-095-Dimitrova-EA.pdf,T,G
http://www.hyxb.org.cn/aos/ch/reader/create_pdf.aspx?file_no=20080404&flag=1&journal_id=aos&year_id=2008,T,G
http://www.hyxb.org.cn/aos/ch/reader/create_pdf.aspx?file_no=20090405&year_id=2009&quarter_id=4&falg=1,T,G
http://www.iemss.org/iemss2008/uploads/Main/S20-03-Sfetsos_et_al-IEMSS2008.pdf,T,G
http://www.ift.unesp.br/users/raupp/publicacoes/TripletoRessonateObservado.pdf,T,G
http://www.ipcbee.com/vol19/14-ICECS2011R00024.pdf,T,G
http://www.jamstec.go.jp/esc/publication/journal/jes_vol.9/pdf/JES9-21-prabir-akimoto.pdf,T,G
http://www.mohid.com/PublicData/Products/ConferencePapers/10CdACampuzanoetal.pdf,T,G
http://www.mpimet.mpg.de/fileadmin/IMPRS/Dissertations/Trusilova_Thesis.pdf,T,G
http://www.nssl.noaa.gov/users/mansell/icae2014/preprints/Barth_336.pdf,T,G
http://www.phy.pku.edu.cn/merg/media/papers/09-fjl.pdf,T,G
http://www.repositorio.ufal.br/handle/riufal/904,T,G
http://www.sbmet.org.br/sic2011/arq/68375429017096837542901.pdf,T,G
http://www.sid.ir/FA/VEWSSID/J_pdf/49113880205.pdf,T,G
http://www.swapca.org/pdf/DraftProtocol.pdf,T,G
http://www.teses.usp.br/teses/disponiveis/14/14133/tde-14072010-180123/en.php,T,G
http://www.wseas.us/e-library/transactions/environment/2007/25-150.pdf,T,G
http://www2.mmm.ucar.edu/wrf/users/workshops/WS2005/abstracts/Session8/6-Titov.pdf,T,G
https://admer-pro.aist-riss.jp/wp-content/uploads/sites/92/2015/08/ADMER-PRO_V08B_techdisc.pdf,T,G
https://ams.confex.com/ams/96Annual/webprogram/Manuscript/Paper284162/On%20The%20Role%20of%20The%20Andes%20on%20Weathern%20Patterns.pdf,T,G
https://ams.confex.com/ams/pdfpapers/108782.pdf,T,G
https://books.google.com/books?hl=en&lr=&id=N8v7BKTK9HkC&oi=fnd&pg=PA151&dq=ds083.2&ots=l1GCyZwqTN&sig=9aH1hnsIuO2u6r4tA8d8uFGvshE#v=onepage&q=ds083.2&f=false,T,G
https://books.google.com/books?hl=en&lr=&id=skrNBQAAQBAJ&oi=fnd&pg=PA199&dq=ds083.2&ots=Xmu9kaDSud&sig=G6pyqcxnl_D45NFxGlRWPAzC7a8#v=onepage&q=ds083.2&f=false,T,G
https://dbahr.narlabs.org.tw/ATMOS/42-1/42-1-4.pdf,T,G
https://hal.archives-ouvertes.fr/hal-00784837/,T,G
https://jesphys.ut.ac.ir/pdf_21558_7ad182d3c2226a06540a0b3812bcb636.html,T,G
https://repository.asu.edu/attachments/94158/content/tmp/package-t_ZwxA/Sharma_asu_0010E_11952.pdf,T,G
https://www.cmascenter.org/conference/2009/abstracts/li_role_regional_2009.pdf,T,G
https://www.researchgate.net/profile/Abdullah_Fahad2/publication/277501414_Predicting_Heat_Dissipation_in_Urban_Areas_Using_Law_of_Thermodynamics/links/556c0c8708aec22683038269.pdf,T,G
https://www.researchgate.net/profile/Christopher_Chambers2/publication/264623451_Effect_of_Big_Island_dissertation/links/53e9a0300cf28f342f4135be.pdf,T,G
https://www.researchgate.net/profile/Christopher_Chambers2/publication/29739695_High_resolution_mesoscale_modeling_of_Kauai_wintertime_weather/links/554c48150cf29f836c9912c0.pdf,T,G
https://www.researchgate.net/profile/Hamdy_Kandil2/publication/279424074_Modeling_the_possible_meteorological_changes_induced_by_the_formation_of_Toshka_lakes_in_Egypt/links/5592660308ae1e1f9bb03631.pdf,T,G
https://www.researchgate.net/profile/Jose_Valiente/publication/228878606_Preliminary_results_on_the_retrieval_of_Land_Surface_Temperature_from_MSG-SEVIRI_data_in_Eastern_Spain/links/004635149d5db2d3ac000000.pdf,T,G
https://www.researchgate.net/profile/Laura_Leo/publication/260862006_6.3_INTERCOMPARISON_BETWEEN_DIFFERENT_PBL_OPTIONS_IN_WRF_MODEL_MODIFICATION_OF_TWO_PBL_SCHEMES_FOR_STABLE_CONDITIONS/links/0c96053284ac72cacc000000.pdf,T,G
https://www.researchgate.net/profile/Maria_Andrade8/publication/262520223_Prediction_of_photochemical_pollutants_in_metropolitan_area_of_So_Paulo_using_air_quality_model_%28WRFCHEM%29_and_the_CETESP_pollutants_emmission_inventory/links/0f31753cd0cf7bb010000000.pdf,T,G
https://www.researchgate.net/profile/Pao_Wang/publication/273379709_A_Qualitative_study_of_Some_Meteorological_Features_During_tropical_Cyclone_PHET_Using_Satellite_Observations_and_WRF_Modeling_System/links/54ff43fa0cf2eaf210b886b3.pdf,T,G
https://www.researchgate.net/profile/Robert_Davy/publication/264121664_Forecasting_Wind_Energy_Variability_using_Statistical_Downscaling_Techniques/links/53cf09160cf2f7e53cf7e64d.pdf,T,G
https://www.researchgate.net/profile/Shamil_Maksyutov/publication/265022767_Algorithms_for_carbon_flux_estimation_using_GOSAT_observational_data/links/5461fe5a0cf27487b4552f6e.pdf,T,G
https://www.researchgate.net/profile/Umberto_Rizza/publication/284019582_WRF-Chem_SIMULATION_OF_A_SAHARAN_DUST_OUTBREAK_OVER_THE_MEDITERRANEAN_REGIONS/links/564aebe308ae9cd9c8274667.pdf,T,G
https://www.researchgate.net/profile/Zornitsa_Popova/publication/271074511_Drought_vulnerability_of_Bulgarian_agriculture_based_on_model_simulations/links/54bd18620cf27c8f28147978.pdf,T,G
https://www.tceq.info/assets/public/implementation/air/sip/haze/Appendix8_2.pdf,T,G
http://ics2013.org/papers/Paper3924_rev.pdf,T,G
http://www.atmos-chem-phys-discuss.net/acp-2015-684/,T,G
http://www.atmos-chem-phys-discuss.net/acp-2012-341/,T,G
http://www.atmos-chem-phys-discuss.net/acp-2013-215/,T,G
http://www.atmos-chem-phys-discuss.net/acp-2010-736/,T,G
http://plutao.sid.inpe.br/attachment.cgi/dpi.inpe.br/plutao/2012/11.28.17.23.27/doc/64YJ.pdf,T,G
http://www.paper.edu.cn/download/downPaper/200903-125,T,G
10.1002/2013JC009480,C,P
10.1002/2014JB011384,C,P
10.1002/jame.20042,C,P
10.1002/joc.4582,C,P
10.1002/qj.2484,C,P
10.1002/we.1796,C,P
10.1007/978-3-319-10217-7_4,C,P
10.1007/978-3-642-29843-1_37,C,P
10.1007/978-94-007-5577-2_74,C,P
10.1007/s00703-012-0185-9,C,P
10.1007/s00704-014-1137-8,C,P
10.1007/s00704-015-1500-4,C,P
10.1007/s10546-015-0116-7,C,P
10.1007/s10872-014-0266-0,C,P
10.1007/s10874-014-9293-x,C,P
10.1007/s11069-014-1412-0,C,P
10.1007/s11069-016-2264-6,C,P
10.1007/s11869-013-0209-8,C,P
10.1007/s13143-011-0001-3,C,P
10.1007/s40808-015-0014-5,C,P
10.1016/j.apacoust.2014.12.010,C,P
10.1016/j.apr.2015.10.013,C,P
10.1016/j.atmosenv.2006.10.042,C,P
10.1016/j.atmosenv.2011.08.048,C,P
10.1016/j.atmosenv.2012.02.075,C,P
10.1016/j.atmosenv.2013.11.018,C,P
10.1016/j.atmosenv.2014.11.071,C,P
10.1016/j.atmosres.2011.01.008,C,P
10.1016/j.atmosres.2012.09.014,C,P
10.1016/j.atmosres.2014.03.018,C,P
10.1016/j.atmosres.2015.04.015,C,P
10.1016/j.compag.2014.07.007,C,P
10.1016/j.ecss.2012.05.017,C,P
10.1016/j.energy.2012.03.009,C,P
10.1016/j.envpol.2013.01.006,C,P
10.1016/j.envsoft.2015.12.021,C,P
10.1016/j.gloenvcha.2015.01.005,C,P
10.1016/j.jastp.2011.04.020,C,P
10.1016/j.jvolgeores.2015.11.001,C,P
10.1016/j.pce.2009.12.009,C,P
10.1016/j.proeng.2015.08.306,C,P
10.1016/j.renene.2009.11.022,C,P
10.1029/2009JD013472,C,P
10.1029/2010JD015013,C,P
10.1029/2012JD017684,C,P
10.1029/2012JD018139,C,P
10.1063/1.4929957,C,P
10.1080/00223131.2004.10875754,C,P
10.1080/00223131.2008.10875948,C,P
10.1080/10962247.2015.1087892,C,P
10.1109/CLUSTER.2011.80,C,P
10.1109/icbbe.2011.5781576,C,P
10.1109/IGARSS.2010.5649634,C,P
10.1109/IGARSS.2011.6050174,C,P
10.1109/IGARSS.2014.6946997,C,P
10.1109/IGARSS.2015.7326569,C,P
10.1109/IGARSS.2015.7326891,C,P
10.1109/INCOS.2010.67,C,P
10.1109/JSTARS.2012.2195773,C,P
10.1109/LGRS.2010.2050135,C,P
10.1109/MicroRad.2014.6878942,C,P
10.1109/OCEANS.2012.6404830,C,P
10.1109/TGRS.2007.908302,C,P
10.1109/TGRS.2009.2028882,C,P
10.1109/TGRS.2010.2093903,C,P
10.1109/TGRS.2011.2161875,C,P
10.1109/TGRS.2012.2217148,C,P
10.1109/TGRS.2015.2389143,C,P
10.1115/OMAE2014-23876,C,P
10.1117/12.857542,C,P
10.11298/taiki.47.217,C,P
10.11298/taiki.48.196,C,P
10.11298/taiki.50.138,C,P
10.1134/S0001433807060011,C,P
10.1134/S0001433811040074,C,P
10.1134/S1028334X07070185,C,P
10.1155/2015/710348,C,P
10.1175/2006JAS2045.1,C,P
10.1175/JAMC-D-16-0027.1,C,P
10.1175/JAS-D-14-0319.1,C,P
10.1175/JAS-D-15-0277.1,C,P
10.1175/JCLI-D-13-00282.1,C,P
10.1175/MWR-D-13-00158.1,C,P
10.1175/MWR-D-14-00118.1,C,P
10.1175/WAF-D-14-00105.1,C,P
10.12962/j20882033.v26i1.767,C,P
10.2151/jmsj.2011-A13,C,P
10.2208/proce1989.53.421,C,P
10.2480/agrmet.D-14-00038,C,P
10.3103/S1068373908040067,C,P
10.3103/S1068373915050039,C,P
10.3390/atmos3010059,C,P
10.3390/atmos5010016,C,P
10.3390/buildings5030933,C,P
10.3390/e10040430,C,P
10.3390/rs70100395,C,P
10.3390/rs70709230,C,P
10.3390/rs70809727,C,P
10.3878/j.issn.1674-2834.13.0050,C,P
10.4090/juee.2012.v6n1.001009,C,P
10.4209/aaqr.2013.07.0236,C,P
10.4209/aaqr.2015.05.0318,C,P
10.4236/jep.2015.611109,C,P
10.4236/ns.2014.610069,C,P
10.4236/ojap.2015.43012,C,P
10.4236/ojap.2015.43014,C,P
10.4401/ag-6626,C,P
10.5094/APR.2011.052,C,P
10.5094/APR.2013.032,C,P
10.5094/APR.2015.036,C,P
10.5194/acp-10-8453-2010,C,P
10.5194/acp-14-609-2014,C,P
10.5194/acp-14-6213-2014,C,P
10.5194/acp-14-7929-2014,C,P
10.5194/acp-15-1447-2015,C,P
10.5194/acp-15-5627-2015,C,P
10.5194/amt-5-2593-2012,C,P
10.5194/angeo-33-1097-2015,C,P
10.5194/nhess-14-3331-2014,C,P
10.5772/50144,C,P
10.9753/icce.v33.currents.52,C,P
ftp://ftp.legos.obs-mip.fr/pub/tmp3m/IGARSS2014/abstracts/3333.pdf,C,G
http://arch.kyrlibnet.kg/uploads/KRSUISAEVE.K.2014-7.pdf,C,G
http://arxiv.org/abs/0906.2191,C,G
http://bibdigital.epn.edu.ec/handle/15000/6415,C,G
http://citeseerx.ist.psu.edu/viewdoc/download?doi=10.1.1.431.1858&rep=rep1&type=pdf,C,G
http://citeseerx.ist.psu.edu/viewdoc/download?doi=10.1.1.642.21&rep=rep1&type=pdf,C,G
http://cyberleninka.ru/article/n/chislennyy-prognoz-opasnyh-yavleniy-pogody-po-severu-primorskogo-kraya,C,G
http://hdl.handle.net/10125/100283,C,G
http://hdl.handle.net/10217/81055,C,G
http://hdl.handle.net/10348/3228,C,G
http://hdl.handle.net/10397/6868,C,G
http://hdl.handle.net/10945/3551,C,G
http://journal.jgsee.org/index.php/JSEE/article/view/37,C,G
http://journal.msu.ac.th/upload/journal_file/jfile_no8_88111.pdf#page=53,C,G
http://nal-ir.nal.res.in/id/eprint/12154,C,G
http://nal-ir.nal.res.in/id/eprint/12260,C,G
http://nal-ir.nal.res.in/id/eprint/5032,C,G
http://puslitbang.bmkg.go.id/jmg/index.php/jmg/article/view/120,C,G
http://repositorio.usfq.edu.ec/handle/23000/1858,C,G
http://roderic.uv.es/handle/10550/29324,C,G
http://urn.kb.se/resolve?urn=urn%3Anbn%3Ase%3Akth%3Adiva-91322,C,G
http://urn.kb.se/resolve?urn=urn%3Anbn%3Ase%3Aumu%3Adiva-59690,C,G
http://www.apiperu.com.pe/argentina/trabajos/ECC_113_Puliafito_Salvador_Enrique.pdf,C,G
http://www.atmos.washington.edu/~angie/reu2005.pdf,C,G
http://www.coastaldynamics2013.fr/pdf_files/186_Yasuda_tomohiro.pdf,C,G
http://www.dqkxqk.ac.cn/qhhj/ch/reader/create_pdf.aspx?file_no=20150307&year_id=2015&quarter_id=3&journal_id=qhhj,C,G
http://www.duncansteel.com/archives/1829,C,G
http://www.iag.usp.br/meteo/labmicro/publicacoes/TechnicalReports/RumanCJ_2014_Caracterizacao_numerica_do_balanco_de_energia_na_EACF_Verao_abril_2014.pdf,C,G
http://www.iag.usp.br/meteo/labmicro/publicacoes/TechnicalReports/RumanCJ_2014_Caracterizacao_numerica_do_balanco_de_energia_na_EACF_Verao_Monografia_Qualificacao.pdf,C,G
http://www.iag.usp.br/pos/sites/default/files/m_saulo_b_costa.pdf,C,G
http://www.nwas.org/ej/pdf/2012-EJ11.pdf,C,G
http://www.scielo.org.mx/scielo.php?pid=S1405-33222015000200007&script=sci_arttext,C,G
http://www2.mmm.ucar.edu/wrf/users/workshops/WS2010/abstracts/P-24.pdf,C,G
https://books.google.com/books?hl=en&lr=&id=N8v7BKTK9HkC&oi=fnd&pg=PA151&dq=dss.ucar.edu/datasets/ds083.2&ots=l1FJzZwkRR&sig=ZHW08-ZttOARexPZFiXzrwOrrf0#v=onepage&q=dss.ucar.edu%2Fdatasets%2Fds083.2&f=false,C,G
https://books.google.com/books?hl=en&lr=&id=spTsAwAAQBAJ&oi=fnd&pg=PA27&dq=ds083.2&ots=X7Bhcyznch&sig=PJ3nhJ-J_sxwHjasNGH5Vn9XQkk#v=onepage&q=ds083.2&f=false,C,G
https://books.google.com/books?id=spTsAwAAQBAJ&lpg=PA27&ots=X7BhcAvffk&dq=%22NCEP%20FNL%20Operational%20Model%20Global%20Tropospheric%20Analyses%22&lr&pg=PA38#v=onepage&q=%22NCEP%20FNL%20Operational%20Model%20Global%20Tropospheric%20Analyses%22&f=false,C,G
https://publications.csiro.au/rpr/download?pid=csiro:EP128543&dsid=DS1,C,G
https://uu.diva-portal.org/smash/get/diva2:429506/FULLTEXT01.pdf,C,G
https://www.cmascenter.org/conference/2014/abstracts/anikender_kumar_application_wrf-chem_2014.pdf,C,G
https://www.researchgate.net/profile/Detlef_Mueller/publication/253560112_Volcanic_aerosol_layers_observed_with_multi-wavelength_Raman_lidar_over_Europe_since_summer_2008/links/53d7b4d30cf2e38c632ddfb9.pdf,C,G
https://www.researchgate.net/profile/Jonathan_Smith6/publication/275353747_WRF-Chem_data_assimilation_of_NOAA-Unique_IASI_carbon_monoxide_retrievals_Impact_study_on_tropospheric_ozone_increases_observed_during_the_2010_AEROSE_Campaign/links/553a9f190cf2c415bb08e7c1.pdf,C,G
https://www.researchgate.net/profile/Kristian_Foerster/publication/281859595_Detaillierte_Nachbildung_von_Schneeprozessen_in_der_hydrologischen_Modellierung/links/55fe62bb08ae07629e3ff6a0.pdf,C,G
https://www.researchgate.net/profile/Tetsu_Kubota/publication/275824690_Impact_of_the_Green_Strategy_Proposed_in_the_Hanoi_Master_Plan_on_Urban_Heat_Island_Effects_Impact_of_the_Green_Strategy_Proposed_in_the_Hanoi_Master_Plan_on_Urban_Heat_Island_Effects/links/55475f920cf23ff716872240.pdf,C,G
https://www.researchgate.net/profile/Thayukorn_Prabamroong/publication/236876954_A_Trajectory-Based_Analysis_of_Surface_Ozone_for_Rayong_Thailand/links/00463519d0633e3297000000.pdf,C,G
http://manu36.magtech.com.cn/Jweb_zghjkx/CN/article/downloadArticleFile.do?attachType=PDF&id=13676,C,G
http://manu36.magtech.com.cn/Jweb_zghjkx/CN/article/downloadArticleFile.do?attachType=PDF&id=13830,C,G
http://www.geosci-model-dev-discuss.net/gmd-2011-44/,C,G
10.1002/2014GL061623,A,P
10.1002/2014JC010137,A,P
10.1002/2014JD021693,A,P
10.1002/2014JD022859,A,P
10.1002/2014JD023049,A,P
10.1002/2015JD023572,A,P
10.1002/2015JD023736,A,P
10.1002/2015JD023986,A,P
10.1002/2015JD024230,A,P
10.1002/2015MS000440,A,P
10.1002/cjg2.1734,A,P
10.1002/jgrd.50134,A,P
10.1002/qj.2092,A,P
10.1007/s00024-011-0401-4,A,P
10.1007/s00376-010-9240-y,A,P
10.1007/s00382-012-1598-3,A,P
10.1007/s00382-014-2160-2,A,P
10.1007/s00703-013-0236-x,A,P
10.1007/s00704-012-0721-z,A,P
10.1007/s11069-011-9942-1,A,P
10.1007/s11430-011-4181-6,A,P
10.1007/s11707-012-0306-2,A,P
10.1007/s11802-014-1912-2,A,P
10.1016/j.anucene.2014.09.016,A,P
10.1016/j.atmosenv.2010.12.036,A,P
10.1016/j.atmosres.2013.09.003,A,P
10.1016/j.atmosres.2015.09.026,A,P
10.1016/j.csr.2008.09.004,A,P
10.1016/j.dynatmoce.2008.10.001,A,P
10.1029/2006GL027448,A,P
10.1029/2010JD013873,A,P
10.1029/2010JD014873,A,P
10.1029/2011GL047361,A,P
10.1029/2011GL050078,A,P
10.1029/2011JD017042,A,P
10.1029/2011JD017090,A,P
10.1029/2012JC007924,A,P
10.1109/IGARSS.2011.6048950,A,P
10.1109/JSTARS.2013.2255118,A,P
10.1155/2011/390826,A,P
10.1155/2014/451578,A,P
10.1175/JAMC-D-11-084.1,A,P
10.1175/JAMC-D-13-09.1,A,P
10.1175/JAS-D-15-0202.1,A,P
10.1175/JHM-D-14-0220.1,A,P
10.2151/jmsj.2013-404,A,P
10.3390/atmos5040937,A,P
10.3402/tellusa.v66.24451,A,P
10.3923/jas.2008.2523.2533,A,P
10.5194/acp-11-9465-2011,A,P
10.5194/acp-13-10517-2013,A,P
10.5194/acp-14-2431-2014,A,P
10.5194/acp-14-6813-2014,A,P
10.5194/acp-15-5415-2015,A,P
10.5194/acp-16-1673-2016,A,P
10.5194/acpd-12-16557-2012,A,P
10.5194/amt-6-2239-2013,A,P
10.5194/nhess-10-1331-2010,A,P
10.5194/nhess-11-343-2011,A,P
10.6038/j.issn.0001-5733.2012.01.002,A,P
"http://ecommons.cornell.edu/bitstream/handle/1813/17231/Kelleher,%20Michael.pdf?sequence=1",A,G
http://cdn.intechopen.com/pdfs-wm/34741.pdf,A,G
http://citeseerx.ist.psu.edu/viewdoc/download?doi=10.1.1.461.1682&rep=rep1&type=pdf#page=44,A,G
http://jakraya.com/journal/pdf/6-ijeasArticle_4.pdf,A,G
http://metnet.imd.gov.in/mausamdocs/16514_F.pdf,A,G
http://researchrepository.murdoch.edu.au/id/eprint/23930,A,G
http://www2.mmm.ucar.edu/wrf/users/workshops/WS2010/abstracts/P-67.pdf,A,G
https://www.researchgate.net/profile/Kristian_Foerster/publication/279335268_Prozessorientierte_Rekonstruktion_von_Winterniederschlgen_in_hoher_rumlicher_und_zeitlicher_Auflsung_fr_die_hydrologische_Modellierung_von_nivo-pluvialen_Einzugsgebieten/links/55fbe82f08ae07629e07c685.pdf,A,G
http://www.enginsci.cn/chinaes/ch/reader/create_pdf.aspx?file_no=20140418002&flag=&journal_id=chinaes&year_id=2014,A,G